{
 "providers": [
   { "type": "bitmap", "file": "minecraft:font/admin.png", "ascent": 8, "height": 9, "chars": [":","a","d","m","i","n",":"] },
   { "type": "bitmap", "file": "minecraft:font/mod.png", "ascent": 8, "height": 9, "chars": [":","m","o","d",":"] },
   { "type": "bitmap", "file": "minecraft:font/isir.png", "ascent": 8, "height": 9, "chars": [":","i","s","i","r",":"] },
   { "type": "bitmap", "file": "minecraft:font/helper.png", "ascent": 8, "height": 9, "chars": [":","h","e","l","p","e","r",":"] },
   { "type": "bitmap", "file": "minecraft:font/zenith.png", "ascent": 8, "height": 9, "chars": [":","z","e","n","i","t","h",":"] },
   { "type": "bitmap", "file": "minecraft:font/player.png", "ascent": 8, "height": 9, "chars": [":","p","l","a","y","e","r",":"] },
   { "type": "bitmap", "file": "minecraft:font/builder.png", "ascent": 8, "height": 9, "chars": [":","b","u","i","l","d","e","r",":"] },
   { "type": "bitmap", "file": "minecraft:font/youtube.png", "ascent": 8, "height": 9, "chars": [":","y","t",":"] },
   { "type": "bitmap", "file": "minecraft:font/patreon.png", "ascent": 8, "height": 9, "chars": [":","p","a","t","r","e","o","n",":"] },
   { "type": "bitmap", "file": "minecraft:font/patreon2.png", "ascent": 8, "height": 9, "chars": [":","p","a","t","r","e","o","n","2",":"] },
   { "type": "bitmap", "file": "minecraft:font/java.png", "ascent": 8, "height": 9, "chars": [":","j","a","v","a",":"] },
   { "type": "bitmap", "file": "minecraft:font/skript.png", "ascent": 8, "height": 9, "chars": [":","s","k","r","i","p","t",":"] },
   { "type": "bitmap", "file": "minecraft:font/developer.png", "ascent": 8, "height": 9, "chars": [":","d","e","v","e","l","o","p","e","r",":"] },
   { "type": "bitmap", "file": "minecraft:font/dev.png", "ascent": 8, "height": 9, "chars": [":","d","e","v",":"] },
   { "type": "bitmap", "file": "minecraft:font/vip.png", "ascent": 8, "height": 9, "chars": [":","v","i","p",":"] },
   { "type": "bitmap", "file": "minecraft:font/vipplus.png", "ascent": 8, "height": 9, "chars": [":","v","i","p","+",":"] },
   { "type": "bitmap", "file": "minecraft:font/serverlogo.png", "ascent": 64, "height": 128, "chars": [":","l","o","g","o",":"] }
 ]
}
