{
  "providers": [
    { "type": "bitmap", "file": "minecraft:font/admin.png", "ascent": 8, "height": 9, "chars": ["\uE100"] },
    { "type": "bitmap", "file": "minecraft:font/mod.png", "ascent": 8, "height": 9, "chars": ["\uE101"] },
    { "type": "bitmap", "file": "minecraft:font/isir.png", "ascent": 8, "height": 9, "chars": ["\uE102"] },
    { "type": "bitmap", "file": "minecraft:font/helper.png", "ascent": 8, "height": 9, "chars": ["\uE103"] },
    { "type": "bitmap", "file": "minecraft:font/zenith.png", "ascent": 8, "height": 9, "chars": ["\uE104"] },
    { "type": "bitmap", "file": "minecraft:font/player.png", "ascent": 8, "height": 9, "chars": ["\uE105"] },
    { "type": "bitmap", "file": "minecraft:font/builder.png", "ascent": 8, "height": 9, "chars": ["\uE106"] },
    { "type": "bitmap", "file": "minecraft:font/youtube.png", "ascent": 8, "height": 9, "chars": ["\uE107"] },
    { "type": "bitmap", "file": "minecraft:font/patreon.png", "ascent": 8, "height": 9, "chars": ["\uE108"] },
    { "type": "bitmap", "file": "minecraft:font/patreon2.png", "ascent": 8, "height": 9, "chars": ["\uE109"] },
    { "type": "bitmap", "file": "minecraft:font/java.png", "ascent": 8, "height": 9, "chars": ["\uE10A"] },
    { "type": "bitmap", "file": "minecraft:font/skript.png", "ascent": 8, "height": 9, "chars": ["\uE10B"] },
    { "type": "bitmap", "file": "minecraft:font/developer.png", "ascent": 8, "height": 9, "chars": ["\uE10C"] },
    { "type": "bitmap", "file": "minecraft:font/dev.png", "ascent": 8, "height": 9, "chars": ["\uE10D"] },
    { "type": "bitmap", "file": "minecraft:font/vip.png", "ascent": 8, "height": 9, "chars": ["\uE10E"] },
    { "type": "bitmap", "file": "minecraft:font/vipplus.png", "ascent": 8, "height": 9, "chars": ["\uE10F"] },
    { "type": "bitmap", "file": "minecraft:font/serverlogo.png", "ascent": 64, "height": 128, "chars": ["\uE110"] }
  ]
}
